Score,Total Score,Steps
398,899.3999999999996,30806
398,1165.1999999999998,28148
398,942.0,30380
398,1057.2999999999997,29227
69,449.7,2417
